{
  "project_info": {
    "project_number": "37694879674",
    "firebase_url": "https://sprots-bettings-picks.firebaseio.com",
    "project_id": "sprots-bettings-picks",
    "storage_bucket": "sprots-bettings-picks.appspot.com"
  },
  "client": [
    {
      "client_info": {
        "mobilesdk_app_id": "1:37694879674:android:9beff3a3c195ca75a98f83",
        "android_client_info": {
          "package_name": "com.example.sports_bettings_picks"
        }
      },
      "oauth_client": [
        {
          "client_id": "37694879674-ctqkn8uf7hokr6mli89rquh8fjs85bb9.apps.googleusercontent.com",
          "client_type": 1,
          "android_info": {
            "package_name": "com.example.sports_bettings_picks",
            "certificate_hash": "b5337fdee64550095f410ec96bddec16e407f0a7"
          }
        },
        {
          "client_id": "37694879674-j0ttuo8argf215tf2qi1k3vmdaaih78n.apps.googleusercontent.com",
          "client_type": 3
        }
      ],
      "api_key": [
        {
          "current_key": "AIzaSyDRHl9h1CFUeY6Oo3ZDIBPgpzIOPcKQsXQ"
        }
      ],
      "services": {
        "appinvite_service": {
          "other_platform_oauth_client": [
            {
              "client_id": "37694879674-j0ttuo8argf215tf2qi1k3vmdaaih78n.apps.googleusercontent.com",
              "client_type": 3
            }
          ]
        }
      }
    },
    {
      "client_info": {
        "mobilesdk_app_id": "1:37694879674:android:547501e93c48e3c3a98f83",
        "android_client_info": {
          "package_name": "com.sports.bettings.picks"
        }
      },
      "oauth_client": [
        {
          "client_id": "37694879674-sgbtnulc9dena2re839qoniels500lqs.apps.googleusercontent.com",
          "client_type": 1,
          "android_info": {
            "package_name": "com.sports.bettings.picks",
            "certificate_hash": "b5337fdee64550095f410ec96bddec16e407f0a7"
          }
        },
        {
          "client_id": "37694879674-j0ttuo8argf215tf2qi1k3vmdaaih78n.apps.googleusercontent.com",
          "client_type": 3
        }
      ],
      "api_key": [
        {
          "current_key": "AIzaSyDRHl9h1CFUeY6Oo3ZDIBPgpzIOPcKQsXQ"
        }
      ],
      "services": {
        "appinvite_service": {
          "other_platform_oauth_client": [
            {
              "client_id": "37694879674-j0ttuo8argf215tf2qi1k3vmdaaih78n.apps.googleusercontent.com",
              "client_type": 3
            }
          ]
        }
      }
    }
  ],
  "configuration_version": "1"
}