{
  "en": {
    "date.format": "M/D/YYYY",
    "date.formatShort": "M/D",
    "header.home": "Home",
    "header.equipment": "Equipment",
    "header.tags": "Events",
    "header.management": "Hallinta",
    "header.management": "Management",
    "header.logOut": "Log out",
    "multiSelector.noItemsSelected": "No items selected",
    "multiSelector.filterItems": "Filter items...",
    "filter.title": "Filters",
    "filter.dateRange": "Date range",
    "filter.dropdown.category": "Categories",
    "filter.dropdown.brand": "Brands",
    "filter.dropdown.tag": "Tags",
    "filter.dropdown.premise": "Premises",
    "filter.apply": "Apply filters",
    "filter.clear": "Clear filters",
    "filter.time": "Time",
    "filter.daysAll": "All",
    "filter.daysWeek": "Weekdays",
    "filter.daysWeekend": "Weekend",
    "filter.hoursAll": "All day",
    "filter.hours6to10am": "6-10 AM",
    "filter.hours4to8pm": "4-8 PM",
    "filter.addCompare": "Add compare",
    "filter.removeCompare": "Remove compare",
    "widget.noData": "No data with the selected filters",
    "widget.equipment.title": "Equipment",
    "widget.equipment.utilization": "Utilization-%",
    "widget.equipment.selectedPeriod": "Selected period",
    "widget.hotAndCold.title": "Hot & cold five",
    "widget.biggestChange.title": "Biggest change",
    "widget.brandUtilization.title": "Brand utilization",
    "widget.averageUtilization.title": "Average utilization",
    "widget.categoryUtilization.title": "Category utilization",
    "widget.comingSoon": "Coming soon...",
    "widget.dimension.timePartDow": "Day of week",
    "widget.dimension.timePartWeek": "Week",
    "widget.dimension.timePartMonth": "Month",
    "widget.dimension.timePartQuarter": "Quarter",
    "widget.dimension.category": "Category",
    "widget.dimension.brand": "Brand",
    "widget.dimension.premise": "Premise",
    "widget.dimension.model": "Model",
    "widget.dimension.equipment": "Equipment",
    "widget.hotAndCold.hottest": "Hottest equipment",
    "widget.hotAndCold.coldest": "Coldest equipment",
    "widget.hotAndCold.viewAllEquipment": "View all equipment",
    "widget.biggestChange.increase": "Biggest increase",
    "widget.biggestChange.decrease": "Biggest decrease",
    "widget.averageUtilization.averageUtilization": "Average utilization",
    "widget.averageUtilization.equipment": "Equipment",
    "widget.averageUtilization.brand": "Brand",
    "widget.averageUtilization.category": "Category",
    "widget.averageUtilization.premise": "Premise",
    "widget.categoryUtilization.mostUsedCategories": "Most used categories",
    "widget.brandUtilization.mostUsedBrands": "Most used brands",
    "widget.biggestChange.change": "Change",
    "widget.equipment.sortBy.name": "Sort by name",
    "widget.equipment.sortBy.utilization": "Sort by utilization",
    "widget.tooltip.moreInformation": "Click here for more information",
    "dimension.timePart.dow.monday": "Monday",
    "dimension.timePart.dow.tuesday": "Tuesday",
    "dimension.timePart.dow.wednesday": "Wednesday",
    "dimension.timePart.dow.thursday": "Thursday",
    "dimension.timePart.dow.friday": "Friday",
    "dimension.timePart.dow.saturday": "Saturday",
    "dimension.timePart.dow.sunday": "Sunday",
    "dimension.timePart.month.januery": "January",
    "dimension.timePart.month.february": "February",
    "dimension.timePart.month.march": "March",
    "dimension.timePart.month.april": "April",
    "dimension.timePart.month.may": "May",
    "dimension.timePart.month.june": "June",
    "dimension.timePart.month.july": "July",
    "dimension.timePart.month.august": "August",
    "dimension.timePart.month.september": "September",
    "dimension.timePart.month.october": "October",
    "dimension.timePart.month.november": "November",
    "dimension.timePart.month.december": "December",
    "admin.deviceAndEquipmentManagement": "Device and equipment management",
    "admin.indexInfo": "Select premise and device to get started.",
    "admin.yourPremises": "Your premises",
    "admin.premiseDevices": "Premise devices",
    "admin.addDevice": "Add device",
    "admin.addPremise": "Add premise",
    "admin.deviceConfiguration": "Device configuration",
    "admin.deviceName": "Device name",
    "admin.checkConnectivity": "Check connectivity",
    "admin.saveChanges": "Save",
    "admin.back": "Back",
    "admin.deviceMapping": "Equipment Mapping",
    "admin.mapEquipment": "Map equipment",
    "admin.equipmentName": "Equipment name",
    "admin.equipmentType": "Equipment type",
    "admin.equipmentCategory": "Equipment category",
    "admin.equipmentBrand": "Equipment brand",
    "admin.equipmentPurchaseDate": "Equipment purchase date",
    "admin.equipmentPurchasePrice": "Equipment purchase price",
    "admin.equipmentDetails": "Equipment details",
    "admin.filterNotMapped": "Only show mapped",
    "admin.newEquipment": "New equipment",
    "admin.selectExistingEquipment": "Select existing",
    "admin.selectMostSpecificCategory": "Please select the most specific child category. Parent categories will be selected automatically.",
    "admin.save": "Save",
    "admin.cancel": "Cancel",
    "admin.select": "Select",
    "admin.equipment": "Equipment",
    "admin.deviceActive": "Active",
    "admin.close": "Close",
    "admin.editDeviceConfiguration": "Edit device configuration",
    "admin.startMapping": "Start mapping",
    "admin.delete": "Delete",
    "admin.deleteDevice": "Delete device",
    "admin.areYouSureToDeleteDevice": "Haluatko varmasti poistaa kameran lopullisesti?",
    "admin.deviceAddedInfo": "Your device has now been added, but it's state is set to 'inactive'. It is important that the device is not activated before all the equipment have been mapped. Below you'll see the calibration image. If you can see the image, you're good to start mapping the gym equipment. If you can't see the picture, please review the device configuration.",
    "admin.cameraNotActiveInfo": "Camera is inactive. When you've mapped all equipment, activate the camera.",
    "admin.editCameraSettings": "Edit settings",
    "admin.deleteBoundingBox": "Delete bounding box",
    "admin.viewCalibrationImage": "View calibration image",
    "admin.refreshCalibrationImage": "Refresh calibration image",
    "admin.changesSaved": "Changes saved",
    "admin.deleteFailed": "Deleting failed. The device or equipment might have data and cannot be deleted. You can still deactivate the device or camera by editing it.",
    "admin.deviceNameHelp": "",
    "admin.deviceModel": "Camera model",
    "admin.deviceModelHelp": "",
    "admin.deviceUrl": "Camera IP address",
    "admin.devicePlaceholder": "http://123.123.123.132/Streaming/channels/1/picture",
    "admin.deviceUrlHelp": "",
    "admin.deviceUsername": "Username",
    "admin.deviceUsernameHelp": "",
    "admin.devicePassword": "Password",
    "admin.devicePasswordHelp": "",
    "admin.removeBoundingBox": "Remove bounding box",
    "admin.removeConfirmation": "Are you sure you want to remove the bounding box?",
    "admin.deleteEquipment": "Remove",
    "admin.confirmEquipmentDelete": "Are you sure you wish to remove the equipent? When equipment is deleted, all data for the equipment is removed and cannot be restored.",
    "admin.loading": "Loading...",
    "infoView.header.name": "Name",
    "infoView.header.brand": "Brand",
    "infoView.header.active": "Active",
    "infoView.header.purchase_price": "Purchase price",
    "infoView.header.purchase_date": "Purchase date",
    "infoView.header.category": "Category",
    "loadingTip.closeButton": "Close tip",
    "loadingTip.title": "Hints and tips",
    "loadingTip.defaultText": "Once you're in...",
    "singleEquipmentView.chartTitle.dow": "Weekly Utilization",
    "singleEquipmentView.chartTitle.hourly": "Hourly Utilization",
    "singleEquipmentView.chartTitle.average": "Average Utilization",
    "singleEquipmentView.button.back": "Back to weekly view",
    "singleEquipmentView.tab.timeSeries": "Time series",
    "singleEquipmentView.tab.profile": "Profile",
    "tags.management.title": "Event Management",
    "tags.options.addEvent": "Add event +",
    "tags.options.search": "Search",
    "tags.options.toggleButton.selected": "All columns",
    "tags.options.toggleButton.unselected": "Selected columns",
    "tags.options.displayColumns": "Display columns",
    "tags.table.header.ab_active": "Monitoring",
    "tags.table.header.id": "ID",
    "tags.table.header.name": "Event",
    "tags.table.header.description": "Description",
    "tags.table.header.timestamp_activated": "Date",
    "tags.table.header.premise_id": "Premises",
    "tags.table.header.device_id": "Devices",
    "tags.table.header.category_id": "Categories",
    "tags.table.header.equipment_id": "Equipment",
    "tags.table.header.ttd_reldiff": "Change",
    "tags.table.header.d7_reldiff": "Change in 1 week",
    "tags.table.header.d14_reldiff": "Change in 2 week",
    "tags.table.header.d30_reldiff": "Change in 4 weeks",
    "tags.table.header.monetary_estimate": "Expected value",
    "tags.table.noTags": "No events created yet",
    "tags.singleTag.button.deleteTag": "Delete event",
    "tags.singleTag.button.editTag": "Edit event",
    "tags.singleTag.expectedValueOfEvent": "Expected value of event",
    "tags.singleTag.expectedValueExplanation": "When assuming that 1 hour = 10€",
    "tags.singleTag.deleteConfirmation.confirmationText": "Are you sure you want to delete this event?",
    "tags.singleTag.deleteConfirmation.confirm": "Yes",
    "tags.singleTag.deleteConfirmation.cancel": "No",
    "tags.table.body.monitoring.enabled": "enabled",
    "tags.table.body.monitoring.disabled": "disabled",
    "tags.abChart.title": "Average utilizations rates",
    "tags.abChart.title.d7_hist": "d7_hist_en",
    "tags.abChart.title.d14_hist": "d14_hist_en",
    "tags.abChart.title.d30_hist": "d30_hist_en",
    "tags.abChart.title.ttd_hist": "ttd_hist_en",
    "tags.abChart.series.name.before" : "Before",
    "tags.abChart.series.name.after" : "After",
    "tags.abChart.utilizationRate": "Utilization rate",
    "tags.abChart.frequency": "Frequency",
    "tags.abChart.xAxis.title": "Utilization rate",
    "tags.abChart.yAxis.title": "'Proportion of observed utilization rate",
    "tags.percengateChange.title": "Selected interval",
    "tags.percengateChange.timespan.tagToDate": "Days",
    "tags.percengateChange.header.timespan": "Timespan",
    "tags.percengateChange.timespan.oneWeek": "1 week",
    "tags.percengateChange.timespan.twoWeek": "2 weeks",
    "tags.percengateChange.timespan.oneMonth": "4 weeks",
    "tags.percengateChange.header.before" : "Before",
    "tags.percengateChange.header.after" : "After",
    "tags.percengateChange.header.relativeDifference" : "Change",
    "tags.keyPerformanceIndicator.title": "Key Performance Indicator",
    "tags.keyPerformanceIndicator.change": "Change",
    "tags.keyPerformanceIndicator.interval": "Interval",
    "tags.addTag.nameError": "Enter a name for the event",
    "tags.addTag.properties.instructions": "*Only premise selection is mandatory. All items in a category can be selected by not selecting any items in a that particular category",
    "tags.addTag.descriptionError": "Enter a description for the event",
    "tags.addTag.premiseError": "Premise selection is required.",
    "tags.addTag.button.clear": "Clear fields",
    "tags.addTag.title": "Add event +",
    "tags.addTag.button.addTag": "Add event",
    "tags.addTag.button.cancelEditing": "Cancel editing",
    "tags.addTag.button.saveChanges": "Save changes",
    "tags.error.utilization": "Error: utilization timeout. Please try again later.",
    "tags.error.ab": "Error: ab timeout. Please try again later.",
    "tags.error.tag": "Error: events timeout. Please try again later.",
    "tags.error.property": "Error: event property timeout. Please try again later.",
    "comparison.title": "Comparison table, 30 days",
    "comparison.columns.header.premise": "Premise",
    "comparison.columns.header.topCategory": "Subcategory 1",
    "comparison.columns.header.middleCategory": "Subcategory 2",
    "comparison.columns.header.bottomCategory": "Subcategory 3",
    "comparison.columns.header.equipment": "Equipment",
    "comparison.columns.header.utilization": "Utilization % (avg)",
    "comparison.columns.header.hours": "Total hours"
  },
  "fi": {
    "date.format": "D.M.YYYY",
    "date.formatShort": "D.M.",
    "header.home": "Etusivu",
    "header.equipment": "Laitteet",
    "header.tags": "Tapahtumat",
    "header.comparison": "Vertailu",
    "header.management": "Hallinta",
    "header.logOut": "Kirjaudu ulos",
    "multiSelector.noItemsSelected": "Ei valittu",
    "multiSelector.filterItems": "Rajaa...",
    "filter.title": "Suodattimet",
    "filter.dateRange": "Päivämäärät",
    "filter.dropdown.category": "Kategoriat",
    "filter.dropdown.brand": "Valmistajat",
    "filter.dropdown.tag": "Tagit",
    "filter.dropdown.premise": "Toimipisteet",
    "filter.apply": "Vahvista valinnat",
    "filter.clear": "Tyhjennä",
    "filter.time": "Aika",
    "filter.daysAll": "Koko viikko",
    "filter.daysWeek": "Arkipäivät",
    "filter.daysWeekend": "Viikonloput",
    "filter.hoursAll": "Koko päivä",
    "filter.hours6to10am": "6-10",
    "filter.hours4to8pm": "16-20",
    "filter.addCompare": "Lisää vertailu",
    "filter.removeCompare": "Poista vertailu",
    "widget.noData": "Ei dataa valituilla suodattimilla",
    "widget.equipment.title": "Laitteet",
    "widget.equipment.utilization": "Käyttöaste-%",
    "widget.equipment.selectedPeriod": "Valittu ajanjakso",
    "widget.hotAndCold.title": "Kuumat ja kylmät",
    "widget.biggestChange.title": "Suurimmat muutokset",
    "widget.brandUtilization.title": "Merkkikohtainen käyttöaste",
    "widget.averageUtilization.title": "Keskimääräinen käytöaste",
    "widget.categoryUtilization.title": "Kategoriakohtainen käyttöaste",
    "widget.comingSoon": "Tulossa pian....",
    "widget.dimension.timePartDow": "Viikonpäivä",
    "widget.dimension.timePartWeek": "Viikko",
    "widget.dimension.timePartMonth": "Kuukausi",
    "widget.dimension.timePartQuarter": "Kvartaali",
    "widget.dimension.category": "Kategoria",
    "widget.dimension.brand": "Valmistaja",
    "widget.dimension.premise": "Toimipiste",
    "widget.dimension.model": "Malli",
    "widget.dimension.equipment": "Laite",
    "widget.hotAndCold.hottest": "Käytetyimmät laitteet",
    "widget.hotAndCold.coldest": "Vähiten käytetyt laitteet",
    "widget.hotAndCold.viewAllEquipment": "Näytä kaikki laitteet",
    "widget.biggestChange.increase": "Suurin kasvu",
    "widget.biggestChange.decrease": "Suurin lasku",
    "widget.averageUtilization.averageUtilization": "Keskimääräinen käyttöaste",
    "widget.averageUtilization.equipment": "Laitteiden",
    "widget.averageUtilization.brand": "Valmistajien",
    "widget.averageUtilization.category": "Kategorioiden",
    "widget.averageUtilization.premise": "Toimipisteiden",
    "widget.categoryUtilization.mostUsedCategories": "Käytetyimmät kategoriat",
    "widget.brandUtilization.mostUsedBrands": "Käytetyimmät valmistajat",
    "widget.biggestChange.change": "Muutos",
    "widget.equipment.sortBy.name": "Järjestä nimen mukaan",
    "widget.equipment.sortBy.utilization": "Järjestä käyttöasteen mukaan",
    "widget.tooltip.moreInformation": "Klikkaa nähdäksesi lisätietoja",
    "dimension.timePart.dow.monday": "Maanantai",
    "dimension.timePart.dow.tuesday": "Tiistai",
    "dimension.timePart.dow.wednesday": "Keskiviikko",
    "dimension.timePart.dow.thursday": "Torstai",
    "dimension.timePart.dow.friday": "Perjantai",
    "dimension.timePart.dow.saturday": "Lauantai",
    "dimension.timePart.dow.sunday": "Sunnuntai",
    "dimension.timePart.month.januery": "Tammikuu",
    "dimension.timePart.month.february": "Helmikuu",
    "dimension.timePart.month.march": "Maaliskuu",
    "dimension.timePart.month.april": "Huhtikuu",
    "dimension.timePart.month.may": "Toukokuu",
    "dimension.timePart.month.june": "Kesäkuu",
    "dimension.timePart.month.july": "Heinäkuu",
    "dimension.timePart.month.august": "Elokuu",
    "dimension.timePart.month.september": "Syyskuu",
    "dimension.timePart.month.october": "Lokakuu",
    "dimension.timePart.month.november": "Marraskuu",
    "dimension.timePart.month.december": "Joulukuu",
    "admin.deviceAndEquipmentManagement": "Kamera- ja laitehallinta",
    "admin.indexInfo": "Valitse toimipiste ja kamera aloittaaksesi muokkauksen.",
    "admin.yourPremises": "Toimipisteesi",
    "admin.premiseDevices": "Toimipisteen kamerat",
    "admin.addDevice": "Lisää kamera",
    "admin.addPremise": "Lisää toimipiste",
    "admin.deviceConfiguration": "Kameran konfigurointi",
    "admin.deviceName": "Kameran nimi",
    "admin.deviceNameHelp": "Ohjeteksti kentälle",
    "admin.deviceModel": "Kameran malli",
    "admin.deviceModelHelp": "Ohjeteksti kentälle",
    "admin.deviceUrl": "Kameran URL-osoite",
    "admin.devicePlaceholder": "http://123.123.123.132/Streaming/channels/1/picture",
    "admin.deviceUrlHelp": "Ohjeteksti kentälle",
    "admin.deviceUsername": "Käyttäjätunnus",
    "admin.deviceUsernameHelp": "Ohjeteksti kentälle",
    "admin.devicePassword": "Salasana",
    "admin.devicePasswordHelp": "Ohjeteksti kentälle",
    "admin.deviceActive": "Aktiivinen",
    "admin.checkConnectivity": "Tarkista yhteys",
    "admin.saveChanges": "Tallenna muutokset",
    "admin.back": "Takaisin",
    "admin.deviceMapping": "Laitteiden konfigurointi",
    "admin.mapEquipment": "Merkitse laite",
    "admin.equipmentName": "Laitteen nimi",
    "admin.equipmentType": "Laitteen tyyppi",
    "admin.equipmentCategory": "Laitteen kategoria",
    "admin.equipmentBrand": "Laitteen valmistaja",
    "admin.equipmentPurchaseDate": "Ostopäivä",
    "admin.equipmentPurchasePrice": "Ostohinta",
    "admin.equipmentDetails": "Laitteen tiedot",
    "admin.filterNotMapped": "Näytä vain merkityt",
    "admin.newEquipment": "Lisää uusi",
    "admin.selectExistingEquipment": "Valitse olemassa oleva",
    "admin.select": "Valitse",
    "admin.selectMostSpecificCategory": "Valitse yksi, kaikkein tarkin alakategoria. Kyseisen kategorian yläkategoriat valitaan automaattisesti.",
    "admin.save": "Tallenna",
    "admin.cancel": "Peruuta",
    "admin.equipment": "Laitteet",
    "admin.close": "Sulje",
    "admin.editDeviceConfiguration": "Muokkaa kameran konfiguraatiota",
    "admin.startMapping": "Aloita merkitseminen",
    "admin.delete": "Poista",
    "admin.deleteDevice": "Poista kamera",
    "admin.areYouSureToDeleteDevice": "Haluatko varmasti poistaa kameran lopullisesti?",
    "admin.deviceAddedInfo": "Kamera on nyt lisätty, mutta sen tila on 'inaktiivinen'. On tärkeää, että merkitset kameraan kaikki laitteet ennen kameran aktivointia. Alempana näet kameran kalibrointikuvan. Jos näet kuvan, voit alkaa merkitsemään laitteita. Jos et, ole hyvä ja palaa tarkistamaan kameran konfiguraatio.",
    "admin.cameraNotActiveInfo": "Kamera on tällä hetkellä inaktiivinen. Kun olet merkinnyt kaikki laitteet, aktivoi kamera.",
    "admin.editCameraSettings": "Muokkaa asetuksia",
    "admin.removeBoundingBox": "Poista merkintä",
    "admin.removeConfirmation": "Haluatko varmasti poistaa merkinnän?",
    "admin.deleteEquipment": "Poista laite",
    "admin.confirmEquipmentDelete": "Haluatko varmasti poistaa laitteen? Laitteen poiston yhteydessä myös sen kaikki historiadata poistuu.",
    "admin.loading": "Ladataan...",
    "admin.viewCalibrationImage": "Näytä kalibrointikuva",
    "admin.refreshCalibrationImage": "Päivitä kalibrointikuva",
    "admin.deleteBoundingBox": "Poista merkintä",
    "admin.changesSaved": "Muutokset tallennettu",
    "admin.deleteFailed": "Poisto epäonnistui. Valittu laite on ehtinyt kerätä dataa, minkä vuoksi sitä ei voi poistaa. Voit kuitenkin deaktivoida laitteen, jolloin dataa ei kerätä.",
    "infoView.header.name": "Nimi",
    "infoView.header.brand": "Merkki",
    "infoView.header.active": "Aktiivisena",
    "infoView.header.purchase_price": "Ostohinta",
    "infoView.header.purchase_date": "Ostopäivä",
    "infoView.header.category": "Kategoria",
    "loadingTip.closeButton": "Sulje",
    "loadingTip.title": "Ohjeet ja vinkit",
    "loadingTip.defaultText": "Päästyäsi palveluun...",
    "singleEquipmentView.chartTitle.dow": "Viikoittainen käyttöaste",
    "singleEquipmentView.chartTitle.hourly": "Käyttöaste tunneissa",
    "singleEquipmentView.chartTitle.average": "Keskimääräinen käyttöaste",
    "singleEquipmentView.button.back": "Takaisin viikkonäkymään",
    "singleEquipmentView.tab.timeSeries": "Aikasarja",
    "singleEquipmentView.tab.profile": "Profiili",
    "tags.management.title": "Tapahtumien hallinta",
    "tags.options.addTag": "Lisää tapahtuma +",
    "tags.options.addEvent": "Lisää tapahtuma+",
    "tags.options.search": "Haku",
    "tags.options.toggleButton.selected": "Kaikki sarakkeet",
    "tags.options.toggleButton.unselected": "Valitut sarakkeet",
    "tags.options.displayColumns": "Näytettävät sarakkeet",
    "tags.table.body.monitoring.enabled": "päällä",
    "tags.table.body.monitoring.disabled": "pois",
    "tags.table.header.ab_active": "Seuranta",
    "tags.table.header.id": "ID",
    "tags.table.header.name": "Tapahtuma",
    "tags.table.header.description": "Kuvaus",
    "tags.table.header.timestamp_activated": "Päivämäärä",
    "tags.table.header.premise_id": "Toimipisteet",
    "tags.table.header.device_id": "Kamerat",
    "tags.table.header.category_id": "Kategoriat",
    "tags.table.header.equipment_id": "Laitteet",
    "tags.table.header.ttd_reldiff": "Muutos",
    "tags.table.header.d7_reldiff": "Muutos 1 VKO",
    "tags.table.header.d14_reldiff": "Muutos 2 VKO",
    "tags.table.header.d30_reldiff": "Muutos 4 VKO",
    "tags.table.header.monetary_estimate": "Laitetuotto",
    "tags.table.noTags": "Tapahtumia ei ole vielä luotu",
    "tags.singleTag.button.deleteTag": "Poista tapahtuma",
    "tags.singleTag.button.editTag": "Muokkaa",
    "tags.singleTag.expectedValueOfEvent": "Arvioitu tapahtuman tuotto",
    "tags.singleTag.expectedValueExplanation": "Laitetuotto on laskennallinen arvio valittujen laitteiden vuosituotosta.",
    "tags.singleTag.deleteConfirmation.confirmationText": "Haluatko varmasti poistaa tapahtuman?",
    "tags.singleTag.deleteConfirmation.confirm": "Kyllä",
    "tags.singleTag.deleteConfirmation.cancel": "Ei",
    "tags.abChart.title": "Keskimääräinen käyttöaste",
    "tags.abChart.title.d7_hist": "d7_hist_fin",
    "tags.abChart.title.d14_hist": "d14_hist_fin",
    "tags.abChart.title.d30_hist": "d30_hist_fin",
    "tags.abChart.title.ttd_hist": "ttd_hist_fin",
    "tags.abChart.series.name.before" : "Ennen",
    "tags.abChart.series.name.after" : "Jälkeen",
    "tags.abChart.utilizationRate": "Käyttöaste",
    "tags.abChart.frequency": "Taajuus",
    "tags.abChart.xAxis.title": "Käyttöaste",
    "tags.abChart.yAxis.title": "Havaitun käyttöasteen osuus",
    "tags.percengateChange.title": "Valittu väli",
    "tags.percengateChange.timespan.tagToDate": "PV",
    "tags.percengateChange.timespan.oneWeek": "1 VKO",
    "tags.percengateChange.timespan.twoWeek": "2 VKO",
    "tags.percengateChange.timespan.oneMonth": "4 VKO",
    "tags.percengateChange.header.timespan": "Aikaväli",
    "tags.percengateChange.header.before" : "Ennen",
    "tags.percengateChange.header.after" : "Jälkeen",
    "tags.percengateChange.header.relativeDifference" : "Muutos",
    "tags.keyPerformanceIndicator.title": "Tunnusluvut (%)",
    "tags.keyPerformanceIndicator.change": "Muutos",
    "tags.keyPerformanceIndicator.interval": "Vaihteluväli",
    "tags.addTag.title": "Lisää uusi tapahtuma +",
    "tags.addTag.properties.instructions": "*Vain toimipaikan valitseminen on pakollista. Muiden valintojen tyhjäksi jättäminen tarkoittaa kaikkien esineiden valitsemista.",
    "tags.addTag.nameError": "Anna tapahtuman nimi",
    "tags.addTag.descriptionError": "Anna tapahtuman kuvaus",
    "tags.addTag.premiseError": "Toimipisteen valitseminen on pakollista",
    "tags.addTag.button.clear": "Tyhjennä kentät",
    "tags.addTag.button.addTag": "Lisää tapahtuma",
    "tags.addTag.button.cancelEditing": "Peruuta muokkaus",
    "tags.addTag.button.saveChanges": "Tallenna",
    "tags.error.utilization": "Virhe: käyttöastedataa ei voitu hakea. Yritä myöhemmin uudestaan.",
    "tags.error.ab": "Virhe: ab dataa ei voitu hakea. Yritä myöhemmin uudestaan.",
    "tags.error.tag": "Virhe: tapahtumadataa ei voitu hakea. Yritä myöhemmin uudestaan.",
    "tags.error.property": "Virhe: tapahtumien apudataa ei voitu hakea. Yritä myöhemmin uudestaan.",
    "comparison.title": "Vertailutaulukko, 30 pv",
    "comparison.columns.header.premise": "Toimipiste",
    "comparison.columns.header.topCategory": "Alataso 1",
    "comparison.columns.header.middleCategory": "Alataso 2",
    "comparison.columns.header.bottomCategory": "Alataso 3",
    "comparison.columns.header.equipment": "Laitteet",
    "comparison.columns.header.utilization": "Käyttöaste-% (keskiarvo)",
    "comparison.columns.header.hours": "Tunnit yhteensä"
  }
}
