{"QwhNqm1tUonMIGtRIaFtBA==":"george-floyd-second-angle-36-1024x682.jpg","EX9ngx88E0o9HqXaOfNnTA==":"ezm-background-2000x1309.jpeg","Dslabuz6XfeUrgdG08tL4A==":"ezm-background-50opacity-999x655.jpg","GLSzqPbzd00mk8qbc9Hv0Q==":"ezm-logo-122x71.png","7GeCsVfVjHnuAJfa2PiY2Q==":"login%20screen-1920x937.jpg","PBqXzqVY6d6TSUldx8TPrA==":"signup-1920x937.jpg","8KXxZK2uBccgRXC9uCIUzQ==":"dashboard-1920x937.jpg","FrO01hyIY3chvkPv+b7I6Q==":"dashboard-1-1920x937.jpg","7Xw9Ri3T/9HKHv1SaW0VUw==":"dashboard_navigation-1920x937.jpg","gENMcx69ci/XqFH9fcBqzQ==":"pre-need-1920x937.jpg","rV4LylnoLoQS5Amazm5jOw==":"first%20call-1920x937.jpg","SFzw9ZA1gz8ZSBuVdBj2eQ==":"case%20bio-1920x1049.jpg"}